LineId,Label,Timestamp,Date,Node,Time,NodeRepeat,Type,Component,Level,Content,EventId,EventTemplate
1,-,1117838570,2005.06.03,R02-M1-N0-C:J12-U11,2005-06-03-15.42.50.675872,R02-M1-N0-C:J12-U11,RAS,KERNEL,INFO,instruction cache parity error corrected,E77,instruction cache parity error corrected
2,-,1117838573,2005.06.03,R02-M1-N0-C:J12-U11,2005-06-03-15.42.53.276129,R02-M1-N0-C:J12-U11,RAS,KERNEL,INFO,instruction cache parity error corrected,E77,instruction cache parity error corrected
3,-,1117838976,2005.06.03,R02-M1-N0-C:J12-U11,2005-06-03-15.49.36.156884,R02-M1-N0-C:J12-U11,RAS,KERNEL,INFO,instruction cache parity error corrected,E77,instruction cache parity error corrected
4,-,1117838978,2005.06.03,R02-M1-N0-C:J12-U11,2005-06-03-15.49.38.026704,R02-M1-N0-C:J12-U11,RAS,KERNEL,INFO,instruction cache parity error corrected,E77,instruction cache parity error corrected
5,-,1117842440,2005.06.03,R23-M0-NE-C:J05-U01,2005-06-03-16.47.20.730545,R23-M0-NE-C:J05-U01,RAS,KERNEL,INFO,63543 double-hummer alignment exceptions,E3,<*> double-hummer alignment exceptions
6,-,1117842974,2005.06.03,R24-M0-N1-C:J13-U11,2005-06-03-16.56.14.254137,R24-M0-N1-C:J13-U11,RAS,KERNEL,INFO,162 double-hummer alignment exceptions,E3,<*> double-hummer alignment exceptions
7,-,1117843015,2005.06.03,R21-M1-N6-C:J08-U11,2005-06-03-16.56.55.309974,R21-M1-N6-C:J08-U11,RAS,KERNEL,INFO,141 double-hummer alignment exceptions,E3,<*> double-hummer alignment exceptions
"8,-,1117848119,2005.06.03,R16-M1-N2-C:J17-U01,2005-06-03-18.21.59.871925,R16-M1-N2-C:J17-U01,RAS,KERNEL,INFO,""CE sym 2, at 0x0b85eee0, mask 0x05"",E18,""CE sym <*>, at <*>, mask <*>"""
9,APPREAD,1117869872,2005.06.04,R04-M1-N4-I:J18-U11,2005-06-04-00.24.32.432192,R04-M1-N4-I:J18-U11,RAS,APP,FATAL,ciod: failed to read message prefix on control stream (CioStream socket to 172.16.96.116:33569,E33,ciod: failed to read message prefix on control stream (CioStream socket to <*>:<*>
10,APPREAD,1117869876,2005.06.04,R27-M1-N4-I:J18-U01,2005-06-04-00.24.36.222560,R27-M1-N4-I:J18-U01,RAS,APP,FATAL,ciod: failed to read message prefix on control stream (CioStream socket to 172.16.96.116:33370,E33,ciod: failed to read message prefix on control stream (CioStream socket to <*>:<*>
"11,-,1117942120,2005.06.04,R30-M0-N7-C:J08-U01,2005-06-04-20.28.40.767551,R30-M0-N7-C:J08-U01,RAS,KERNEL,INFO,""CE sym 20, at 0x1438f9e0, mask 0x40"",E18,""CE sym <*>, at <*>, mask <*>"""
12,-,1117955341,2005.06.05,R25-M0-N7-C:J02-U01,2005-06-05-00.09.01.903373,R25-M0-N7-C:J02-U01,RAS,KERNEL,INFO,generating core.2275,E67,generating core.<*>
13,-,1117955392,2005.06.05,R24-M1-N8-C:J09-U11,2005-06-05-00.09.52.516674,R24-M1-N8-C:J09-U11,RAS,KERNEL,INFO,generating core.862,E67,generating core.<*>
14,-,1117956980,2005.06.05,R24-M1-NB-C:J15-U11,2005-06-05-00.36.20.945796,R24-M1-NB-C:J15-U11,RAS,KERNEL,INFO,generating core.728,E67,generating core.<*>
15,-,1117957045,2005.06.05,R20-M1-N8-C:J04-U01,2005-06-05-00.37.25.012681,R20-M1-N8-C:J04-U01,RAS,KERNEL,INFO,generating core.775,E67,generating core.<*>
16,-,1117959501,2005.06.05,R24-M0-NE-C:J14-U11,2005-06-05-01.18.21.778604,R24-M0-NE-C:J14-U11,RAS,KERNEL,INFO,generating core.3276,E67,generating core.<*>
17,-,1117959513,2005.06.05,R21-M1-N2-C:J11-U01,2005-06-05-01.18.33.830595,R21-M1-N2-C:J11-U01,RAS,KERNEL,INFO,generating core.1717,E67,generating core.<*>
18,-,1117959563,2005.06.05,R24-M0-N8-C:J04-U11,2005-06-05-01.19.23.822135,R24-M0-N8-C:J04-U11,RAS,KERNEL,INFO,generating core.3919,E67,generating core.<*>
19,-,1117973759,2005.06.05,R31-M0-NE-C:J05-U11,2005-06-05-05.15.59.416717,R31-M0-NE-C:J05-U11,RAS,KERNEL,INFO,generating core.2079,E67,generating core.<*>
20,-,1117973786,2005.06.05,R36-M0-NA-C:J06-U01,2005-06-05-05.16.26.686603,R36-M0-NA-C:J06-U01,RAS,KERNEL,INFO,generating core.1414,E67,generating core.<*>
21,-,1117973919,2005.06.05,R33-M0-N4-C:J02-U11,2005-06-05-05.18.39.396608,R33-M0-N4-C:J02-U11,RAS,KERNEL,INFO,generating core.3055,E67,generating core.<*>
22,-,1117974206,2005.06.05,R22-M0-ND-C:J10-U11,2005-06-05-05.23.26.239153,R22-M0-ND-C:J10-U11,RAS,KERNEL,INFO,generating core.201,E67,generating core.<*>
23,-,1117974463,2005.06.05,R27-M0-N6-C:J10-U01,2005-06-05-05.27.43.336565,R27-M0-N6-C:J10-U01,RAS,KERNEL,INFO,generating core.1125,E67,generating core.<*>
24,-,1117975251,2005.06.05,R26-M1-N8-C:J17-U11,2005-06-05-05.40.51.726735,R26-M1-N8-C:J17-U11,RAS,KERNEL,INFO,generating core.412,E67,generating core.<*>
25,-,1117976658,2005.06.05,R36-M1-N8-C:J17-U01,2005-06-05-06.04.18.406158,R36-M1-N8-C:J17-U01,RAS,KERNEL,INFO,generating core.7828,E67,generating core.<*>
26,-,1117977497,2005.06.05,R33-M1-NB-C:J06-U01,2005-06-05-06.18.17.802159,R33-M1-NB-C:J06-U01,RAS,KERNEL,INFO,generating core.5570,E67,generating core.<*>
27,-,1117979227,2005.06.05,R01-M1-N7-C:J04-U11,2005-06-05-06.47.07.157021,R01-M1-N7-C:J04-U11,RAS,KERNEL,INFO,generating core.8275,E67,generating core.<*>
28,-,1117982609,2005.06.05,R35-M1-NE-C:J05-U01,2005-06-05-07.43.29.979844,R35-M1-NE-C:J05-U01,RAS,KERNEL,INFO,generating core.4183,E67,generating core.<*>
29,-,1117984124,2005.06.05,R36-M1-NF-C:J11-U01,2005-06-05-08.08.44.281729,R36-M1-NF-C:J11-U01,RAS,KERNEL,INFO,generating core.6545,E67,generating core.<*>
30,-,1117984130,2005.06.05,R37-M1-NE-C:J13-U01,2005-06-05-08.08.50.547117,R37-M1-NE-C:J13-U01,RAS,KERNEL,INFO,generating core.4245,E67,generating core.<*>
31,-,1117984216,2005.06.05,R32-M1-N4-C:J16-U01,2005-06-05-08.10.16.270131,R32-M1-N4-C:J16-U01,RAS,KERNEL,INFO,generating core.6884,E67,generating core.<*>
32,-,1117984246,2005.06.05,R30-M1-N3-C:J02-U01,2005-06-05-08.10.46.344235,R30-M1-N3-C:J02-U01,RAS,KERNEL,FATAL,force load/store alignment...............0,E64,force load/store alignment...............<*>
33,-,1117985401,2005.06.05,R34-M1-NE-C:J02-U01,2005-06-05-08.30.01.873693,R34-M1-NE-C:J02-U01,RAS,KERNEL,INFO,generating core.6471,E67,generating core.<*>
34,-,1117985413,2005.06.05,R31-M1-N7-C:J05-U11,2005-06-05-08.30.13.824307,R31-M1-N7-C:J05-U11,RAS,KERNEL,INFO,generating core.4155,E67,generating core.<*>
35,-,1117985464,2005.06.05,R32-M0-NF-C:J10-U01,2005-06-05-08.31.04.464776,R32-M0-NF-C:J10-U01,RAS,KERNEL,INFO,generating core.449,E67,generating core.<*>
36,-,1117985533,2005.06.05,R34-M1-NC-C:J06-U11,2005-06-05-08.32.13.659715,R34-M1-NC-C:J06-U11,RAS,KERNEL,INFO,generating core.6990,E67,generating core.<*>
37,-,1117985547,2005.06.05,R31-M1-NC-C:J14-U11,2005-06-05-08.32.27.814949,R31-M1-NC-C:J14-U11,RAS,KERNEL,INFO,generating core.4876,E67,generating core.<*>
38,-,1117987420,2005.06.05,R37-M0-N7-C:J08-U11,2005-06-05-09.03.40.673488,R37-M0-N7-C:J08-U11,RAS,KERNEL,INFO,generating core.2218,E67,generating core.<*>
39,-,1117988266,2005.06.05,R34-M1-NA-C:J07-U11,2005-06-05-09.17.46.225683,R34-M1-NA-C:J07-U11,RAS,KERNEL,INFO,generating core.7518,E67,generating core.<*>
40,-,1117988286,2005.06.05,R33-M1-N8-C:J09-U11,2005-06-05-09.18.06.694851,R33-M1-N8-C:J09-U11,RAS,KERNEL,INFO,generating core.5854,E67,generating core.<*>
41,-,1117988416,2005.06.05,R30-M1-N3-C:J10-U01,2005-06-05-09.20.16.681318,R30-M1-N3-C:J10-U01,RAS,KERNEL,INFO,generating core.7457,E67,generating core.<*>
42,-,1117988443,2005.06.05,R32-M1-N5-C:J17-U01,2005-06-05-09.20.43.944594,R32-M1-N5-C:J17-U01,RAS,KERNEL,INFO,generating core.6896,E67,generating core.<*>
43,-,1117989483,2005.06.05,R37-M0-N3-C:J14-U01,2005-06-05-09.38.03.456120,R37-M0-N3-C:J14-U01,RAS,KERNEL,INFO,generating core.3488,E67,generating core.<*>
44,-,1117989508,2005.06.05,R36-M0-NA-C:J17-U01,2005-06-05-09.38.28.957918,R36-M0-NA-C:J17-U01,RAS,KERNEL,INFO,generating core.1172,E67,generating core.<*>
45,-,1117989530,2005.06.05,R33-M0-N6-C:J08-U11,2005-06-05-09.38.50.430385,R33-M0-N6-C:J08-U11,RAS,KERNEL,INFO,generating core.2286,E67,generating core.<*>
46,-,1117989577,2005.06.05,R30-M0-ND-C:J07-U01,2005-06-05-09.39.37.590924,R30-M0-ND-C:J07-U01,RAS,KERNEL,INFO,generating core.786,E67,generating core.<*>
47,-,1117989594,2005.06.05,R35-M0-N5-C:J17-U11,2005-06-05-09.39.54.210760,R35-M0-N5-C:J17-U11,RAS,KERNEL,INFO,generating core.2680,E67,generating core.<*>
48,-,1117989601,2005.06.05,R32-M0-N2-C:J15-U01,2005-06-05-09.40.01.191177,R32-M0-N2-C:J15-U01,RAS,KERNEL,INFO,generating core.1524,E67,generating core.<*>
49,-,1117989617,2005.06.05,R35-M1-ND-C:J10-U11,2005-06-05-09.40.17.352982,R35-M1-ND-C:J10-U11,RAS,KERNEL,INFO,generating core.4937,E67,generating core.<*>
50,-,1117990886,2005.06.05,R36-M1-ND-C:J13-U01,2005-06-05-10.01.26.040379,R36-M1-ND-C:J13-U01,RAS,KERNEL,INFO,generating core.6801,E67,generating core.<*>
51,-,1117990951,2005.06.05,R31-M1-NF-C:J15-U01,2005-06-05-10.02.31.242619,R31-M1-NF-C:J15-U01,RAS,KERNEL,INFO,generating core.4368,E67,generating core.<*>
52,-,1117990980,2005.06.05,R34-M0-ND-C:J03-U01,2005-06-05-10.03.00.195528,R34-M0-ND-C:J03-U01,RAS,KERNEL,INFO,generating core.851,E67,generating core.<*>
53,-,1117991006,2005.06.05,R32-M0-N9-C:J17-U01,2005-06-05-10.03.26.884113,R32-M0-N9-C:J17-U01,RAS,KERNEL,INFO,generating core.1744,E67,generating core.<*>
54,-,1117991046,2005.06.05,R30-M0-N0-C:J17-U01,2005-06-05-10.04.06.326828,R30-M0-N0-C:J17-U01,RAS,KERNEL,INFO,generating core.1588,E67,generating core.<*>
55,-,1117992519,2005.06.05,R37-M1-N3-C:J05-U11,2005-06-05-10.28.39.717587,R37-M1-N3-C:J05-U11,RAS,KERNEL,INFO,generating core.5307,E67,generating core.<*>
56,-,1117992553,2005.06.05,R30-M1-NB-C:J17-U11,2005-06-05-10.29.13.196439,R30-M1-NB-C:J17-U11,RAS,KERNEL,INFO,generating core.7192,E67,generating core.<*>
"57,-,1118070512,2005.06.06,R01-M1-NB-C:J03-U11,2005-06-06-08.08.32.984716,R01-M1-NB-C:J03-U11,RAS,KERNEL,INFO,""CE sym 20, at 0x01228120, mask 0x10"",E18,""CE sym <*>, at <*>, mask <*>"""
"58,-,1118070518,2005.06.06,R01-M1-ND-C:J15-U11,2005-06-06-08.08.38.414458,R01-M1-ND-C:J15-U11,RAS,KERNEL,INFO,""CE sym 5, at 0x11042a80, mask 0x04"",E18,""CE sym <*>, at <*>, mask <*>"""
59,-,1118079221,2005.06.06,R02-M1-N0-C:J12-U11,2005-06-06-10.33.41.093251,R02-M1-N0-C:J12-U11,RAS,KERNEL,INFO,instruction cache parity error corrected,E77,instruction cache parity error corrected
60,-,1118079403,2005.06.06,R02-M1-N0-C:J12-U11,2005-06-06-10.36.43.705821,R02-M1-N0-C:J12-U11,RAS,KERNEL,INFO,instruction cache parity error corrected,E77,instruction cache parity error corrected
61,-,1118080420,2005.06.06,R02-M1-N0-C:J12-U11,2005-06-06-10.53.40.701796,R02-M1-N0-C:J12-U11,RAS,KERNEL,INFO,instruction cache parity error corrected,E77,instruction cache parity error corrected
62,-,1118080480,2005.06.06,R02-M1-N0-C:J12-U11,2005-06-06-10.54.40.382678,R02-M1-N0-C:J12-U11,RAS,KERNEL,INFO,instruction cache parity error corrected,E77,instruction cache parity error corrected
63,-,1118080909,2005.06.06,R02-M1-N0-C:J12-U11,2005-06-06-11.01.49.223879,R02-M1-N0-C:J12-U11,RAS,KERNEL,INFO,instruction cache parity error corrected,E77,instruction cache parity error corrected
64,-,1118081048,2005.06.06,R02-M1-N0-C:J12-U11,2005-06-06-11.04.08.452393,R02-M1-N0-C:J12-U11,RAS,KERNEL,INFO,instruction cache parity error corrected,E77,instruction cache parity error corrected
65,-,1118081391,2005.06.06,R02-M1-N0-C:J12-U11,2005-06-06-11.09.51.751862,R02-M1-N0-C:J12-U11,RAS,KERNEL,INFO,instruction cache parity error corrected,E77,instruction cache parity error corrected
66,-,1118081467,2005.06.06,R02-M1-N0-C:J12-U11,2005-06-06-11.11.07.787886,R02-M1-N0-C:J12-U11,RAS,KERNEL,INFO,instruction cache parity error corrected,E77,instruction cache parity error corrected
67,-,1118112603,2005.06.06,R22-M0-N0-C:J08-U11,2005-06-06-19.50.03.669394,R22-M0-N0-C:J08-U11,RAS,KERNEL,INFO,generating core.430,E67,generating core.<*>
68,-,1118112604,2005.06.06,R22-M0-N4-C:J08-U11,2005-06-06-19.50.04.552706,R22-M0-N4-C:J08-U11,RAS,KERNEL,INFO,generating core.174,E67,generating core.<*>
69,-,1118112700,2005.06.06,R23-M0-N0-I:J18-U01,2005-06-06-19.51.40.376079,R23-M0-N0-I:J18-U01,RAS,KERNEL,INFO,ciod: cpu 0 at treeaddr 438 sent unrecognized message 0xffffffff,E19,ciod: cpu <*> at treeaddr <*> sent unrecognized message <*>
70,-,1118114656,2005.06.06,R24-M1-N9-C:J15-U01,2005-06-06-20.24.16.345770,R24-M1-N9-C:J15-U01,RAS,KERNEL,INFO,generating core.976,E67,generating core.<*>
71,-,1118122888,2005.06.06,R25-M1-N8-C:J06-U01,2005-06-06-22.41.28.143013,R25-M1-N8-C:J06-U01,RAS,KERNEL,INFO,generating core.1990,E67,generating core.<*>
72,-,1118149549,2005.06.07,R20-M0-N2-C:J09-U01,2005-06-07-06.05.49.961844,R20-M0-N2-C:J09-U01,RAS,KERNEL,INFO,generating core.3638,E67,generating core.<*>
73,-,1118149569,2005.06.07,R21-M0-NB-C:J06-U01,2005-06-07-06.06.09.288228,R21-M0-NB-C:J06-U01,RAS,KERNEL,INFO,generating core.2690,E67,generating core.<*>
74,-,1118149570,2005.06.07,R24-M0-NA-C:J15-U11,2005-06-07-06.06.10.391269,R24-M0-NA-C:J15-U11,RAS,KERNEL,INFO,generating core.3804,E67,generating core.<*>
75,-,1118149783,2005.06.07,R20-M1-N5-C:J06-U01,2005-06-07-06.09.43.355329,R20-M1-N5-C:J06-U01,RAS,KERNEL,INFO,generating core.418,E67,generating core.<*>
76,-,1118149821,2005.06.07,R20-M1-N4-C:J09-U01,2005-06-07-06.10.21.214757,R20-M1-N4-C:J09-U01,RAS,KERNEL,INFO,generating core.310,E67,generating core.<*>
77,-,1118172013,2005.06.07,R35-M0-N7-C:J10-U11,2005-06-07-12.20.13.966416,R35-M0-N7-C:J10-U11,RAS,KERNEL,INFO,generating core.2409,E67,generating core.<*>
78,-,1118172017,2005.06.07,R35-M1-NE-C:J09-U01,2005-06-07-12.20.17.344136,R35-M1-NE-C:J09-U01,RAS,KERNEL,INFO,generating core.4182,E67,generating core.<*>
79,-,1118172099,2005.06.07,R32-M1-N9-C:J11-U11,2005-06-07-12.21.39.208896,R32-M1-N9-C:J11-U11,RAS,KERNEL,INFO,generating core.8153,E67,generating core.<*>
80,-,1118172125,2005.06.07,R36-M1-N8-C:J17-U11,2005-06-07-12.22.05.196450,R36-M1-N8-C:J17-U11,RAS,KERNEL,INFO,generating core.7836,E67,generating core.<*>
81,-,1118172147,2005.06.07,R35-M0-NC-C:J03-U11,2005-06-07-12.22.27.613809,R35-M0-NC-C:J03-U11,RAS,KERNEL,INFO,generating core.2911,E67,generating core.<*>
82,-,1118172690,2005.06.07,R35-M0-N5-C:J10-U11,2005-06-07-12.31.30.918396,R35-M0-N5-C:J10-U11,RAS,KERNEL,INFO,generating core.2921,E67,generating core.<*>
83,-,1118183497,2005.06.07,R34-M0-N7-C:J09-U11,2005-06-07-15.31.37.435791,R34-M0-N7-C:J09-U11,RAS,KERNEL,INFO,generating core.122,E67,generating core.<*>
84,-,1118183566,2005.06.07,R36-M0-N0-C:J11-U01,2005-06-07-15.32.46.334191,R36-M0-N0-C:J11-U01,RAS,KERNEL,INFO,generating core.1973,E67,generating core.<*>
85,-,1118193358,2005.06.07,R11-M0-NC-I:J18-U01,2005-06-07-18.15.58.583443,R11-M0-NC-I:J18-U01,RAS,APP,FATAL,ciod: LOGIN chdir(/p/gb2/glosli/8M_5000K/t800) failed: No such file or directory,E37,ciod: LOGIN chdir(<*>) failed: No such file or directory
86,-,1118207879,2005.06.07,R17-M1-N7-C:J15-U11,2005-06-07-22.17.59.587113,R17-M1-N7-C:J15-U11,RAS,KERNEL,INFO,generating core.4984,E67,generating core.<*>
87,-,1118207897,2005.06.07,R16-M1-NC-C:J06-U11,2005-06-07-22.18.17.203831,R16-M1-NC-C:J06-U11,RAS,KERNEL,INFO,generating core.1822,E67,generating core.<*>
"88,-,1118251556,2005.06.08,R16-M1-N2-C:J12-U01,2005-06-08-10.25.56.322381,R16-M1-N2-C:J12-U01,RAS,KERNEL,INFO,""CE sym 28, at 0x110067e0, mask 0x02"",E18,""CE sym <*>, at <*>, mask <*>"""
"89,-,1118271740,2005.06.08,R03-M1-N9-C:J09-U11,2005-06-08-16.02.20.600478,R03-M1-N9-C:J09-U11,RAS,KERNEL,INFO,""1 ddr errors(s) detected and corrected on rank 0, symbol 25, bit 1"",E2,""<*> ddr errors(s) detected and corrected on rank <*>, symbol <*>, bit <*>"""
"90,-,1118285722,2005.06.08,R15-M1-N6-C:J04-U11,2005-06-08-19.55.22.798062,R15-M1-N6-C:J04-U11,RAS,KERNEL,INFO,""CE sym 14, at 0x06047860, mask 0x20"",E18,""CE sym <*>, at <*>, mask <*>"""
91,-,1118290076,2005.06.08,R27-M0-ND-C:J10-U01,2005-06-08-21.07.56.397001,R27-M0-ND-C:J10-U01,RAS,KERNEL,INFO,generating core.3265,E67,generating core.<*>
92,-,1118290077,2005.06.08,R27-M1-N6-C:J04-U01,2005-06-08-21.07.57.879112,R27-M1-N6-C:J04-U01,RAS,KERNEL,INFO,generating core.2599,E67,generating core.<*>
93,-,1118292507,2005.06.08,R26-M0-NB-C:J09-U11,2005-06-08-21.48.27.952411,R26-M0-NB-C:J09-U11,RAS,KERNEL,INFO,generating core.1818,E67,generating core.<*>
94,-,1118301090,2005.06.09,R21-M1-NA-C:J07-U11,2005-06-09-00.11.30.925676,R21-M1-NA-C:J07-U11,RAS,KERNEL,INFO,generating core.1694,E67,generating core.<*>
95,-,1118343776,2005.06.09,R16-M1-N1-C:J12-U01,2005-06-09-12.02.56.706796,R16-M1-N1-C:J12-U01,RAS,KERNEL,INFO,generating core.3401,E67,generating core.<*>
96,-,1118343816,2005.06.09,R07-M1-NE-C:J06-U01,2005-06-09-12.03.36.113136,R07-M1-NE-C:J06-U01,RAS,KERNEL,INFO,generating core.25350,E67,generating core.<*>
97,-,1118343958,2005.06.09,R23-M1-NA-C:J17-U11,2005-06-09-12.05.58.258567,R23-M1-NA-C:J17-U11,RAS,KERNEL,INFO,generating core.1820,E67,generating core.<*>
"98,-,1118351098,2005.06.09,R16-M1-N2-C:J17-U01,2005-06-09-14.04.58.329635,R16-M1-N2-C:J17-U01,RAS,KERNEL,INFO,""CE sym 2, at 0x1b85f080, mask 0x02"",E18,""CE sym <*>, at <*>, mask <*>"""
99,-,1118354046,2005.06.09,R24-M1-N6-C:J07-U11,2005-06-09-14.54.06.957120,R24-M1-N6-C:J07-U11,RAS,KERNEL,INFO,generating core.254,E67,generating core.<*>
100,-,1118354070,2005.06.09,R25-M1-N8-C:J05-U11,2005-06-09-14.54.30.103580,R25-M1-N8-C:J05-U11,RAS,KERNEL,INFO,generating core.1887,E67,generating core.<*>
"101,-,1118363168,2005.06.09,R16-M1-N2-C:J17-U01,2005-06-09-17.26.08.386218,R16-M1-N2-C:J17-U01,RAS,KERNEL,INFO,""CE sym 2, at 0x1b85fe80, mask 0x02"",E18,""CE sym <*>, at <*>, mask <*>"""
102,-,1118371043,2005.06.09,R11-M0-N7-C:J16-U11,2005-06-09-19.37.23.866536,R11-M0-N7-C:J16-U11,RAS,KERNEL,INFO,generating core.8280,E67,generating core.<*>
103,-,1118371064,2005.06.09,R00-M1-N6-C:J12-U01,2005-06-09-19.37.44.455502,R00-M1-N6-C:J12-U01,RAS,KERNEL,INFO,generating core.12357,E67,generating core.<*>
104,KERNDTLB,1118536327,2005.06.11,R30-M0-N9-C:J16-U01,2005-06-11-17.32.07.581048,R30-M0-N9-C:J16-U01,RAS,KERNEL,FATAL,data TLB error interrupt,E55,data TLB error interrupt
105,KERNDTLB,1118536959,2005.06.11,R30-M0-N9-C:J16-U01,2005-06-11-17.42.39.794840,R30-M0-N9-C:J16-U01,RAS,KERNEL,FATAL,data TLB error interrupt,E55,data TLB error interrupt
106,KERNDTLB,1118537212,2005.06.11,R30-M0-N9-C:J16-U01,2005-06-11-17.46.52.020435,R30-M0-N9-C:J16-U01,RAS,KERNEL,FATAL,data TLB error interrupt,E55,data TLB error interrupt
107,KERNDTLB,1118537261,2005.06.11,R30-M0-N9-C:J16-U01,2005-06-11-17.47.41.103595,R30-M0-N9-C:J16-U01,RAS,KERNEL,FATAL,data TLB error interrupt,E55,data TLB error interrupt
108,KERNDTLB,1118537622,2005.06.11,R30-M0-N9-C:J16-U01,2005-06-11-17.53.42.323869,R30-M0-N9-C:J16-U01,RAS,KERNEL,FATAL,data TLB error interrupt,E55,data TLB error interrupt
109,KERNDTLB,1118537694,2005.06.11,R30-M0-N9-C:J16-U01,2005-06-11-17.54.54.024829,R30-M0-N9-C:J16-U01,RAS,KERNEL,FATAL,data TLB error interrupt,E55,data TLB error interrupt
110,KERNDTLB,1118538129,2005.06.11,R30-M0-N9-C:J16-U01,2005-06-11-18.02.09.666558,R30-M0-N9-C:J16-U01,RAS,KERNEL,FATAL,data TLB error interrupt,E55,data TLB error interrupt
111,KERNDTLB,1118538182,2005.06.11,R30-M0-N9-C:J16-U01,2005-06-11-18.03.02.884252,R30-M0-N9-C:J16-U01,RAS,KERNEL,FATAL,data TLB error interrupt,E55,data TLB error interrupt
112,KERNDTLB,1118538836,2005.06.11,R30-M0-N9-C:J16-U01,2005-06-11-18.13.56.287869,R30-M0-N9-C:J16-U01,RAS,KERNEL,FATAL,data TLB error interrupt,E55,data TLB error interrupt
113,KERNDTLB,1118539141,2005.06.11,R30-M0-N9-C:J16-U01,2005-06-11-18.19.01.277745,R30-M0-N9-C:J16-U01,RAS,KERNEL,FATAL,data TLB error interrupt,E55,data TLB error interrupt
114,KERNDTLB,1118539342,2005.06.11,R30-M0-N9-C:J16-U01,2005-06-11-18.22.22.630540,R30-M0-N9-C:J16-U01,RAS,KERNEL,FATAL,data TLB error interrupt,E55,data TLB error interrupt
115,KERNDTLB,1118539682,2005.06.11,R30-M0-N9-C:J16-U01,2005-06-11-18.28.02.964604,R30-M0-N9-C:J16-U01,RAS,KERNEL,FATAL,data TLB error interrupt,E55,data TLB error interrupt
116,KERNDTLB,1118539891,2005.06.11,R30-M0-N9-C:J16-U01,2005-06-11-18.31.31.276036,R30-M0-N9-C:J16-U01,RAS,KERNEL,FATAL,data TLB error interrupt,E55,data TLB error interrupt
117,KERNDTLB,1118540457,2005.06.11,R30-M0-N9-C:J16-U01,2005-06-11-18.40.57.217361,R30-M0-N9-C:J16-U01,RAS,KERNEL,FATAL,data TLB error interrupt,E55,data TLB error interrupt
118,KERNDTLB,1118541065,2005.06.11,R30-M0-N9-C:J16-U01,2005-06-11-18.51.05.246165,R30-M0-N9-C:J16-U01,RAS,KERNEL,FATAL,data TLB error interrupt,E55,data TLB error interrupt
119,KERNDTLB,1118541373,2005.06.11,R30-M0-N9-C:J16-U01,2005-06-11-18.56.13.781741,R30-M0-N9-C:J16-U01,RAS,KERNEL,FATAL,data TLB error interrupt,E55,data TLB error interrupt
120,KERNDTLB,1118541965,2005.06.11,R30-M0-N9-C:J16-U01,2005-06-11-19.06.05.431824,R30-M0-N9-C:J16-U01,RAS,KERNEL,FATAL,data TLB error interrupt,E55,data TLB error interrupt
121,KERNDTLB,1118542012,2005.06.11,R30-M0-N9-C:J16-U01,2005-06-11-19.06.52.571964,R30-M0-N9-C:J16-U01,RAS,KERNEL,FATAL,data TLB error interrupt,E55,data TLB error interrupt
122,KERNDTLB,1118542376,2005.06.11,R30-M0-N9-C:J16-U01,2005-06-11-19.12.56.115636,R30-M0-N9-C:J16-U01,RAS,KERNEL,FATAL,data TLB error interrupt,E55,data TLB error interrupt
123,KERNDTLB,1118543043,2005.06.11,R30-M0-N9-C:J16-U01,2005-06-11-19.24.03.186547,R30-M0-N9-C:J16-U01,RAS,KERNEL,FATAL,data TLB error interrupt,E55,data TLB error interrupt
124,KERNDTLB,1118543085,2005.06.11,R30-M0-N9-C:J16-U01,2005-06-11-19.24.45.991034,R30-M0-N9-C:J16-U01,RAS,KERNEL,FATAL,data TLB error interrupt,E55,data TLB error interrupt
125,KERNDTLB,1118543420,2005.06.11,R30-M0-N9-C:J16-U01,2005-06-11-19.30.20.585330,R30-M0-N9-C:J16-U01,RAS,KERNEL,FATAL,data TLB error interrupt,E55,data TLB error interrupt
126,KERNDTLB,1118543510,2005.06.11,R30-M0-N9-C:J16-U01,2005-06-11-19.31.50.792512,R30-M0-N9-C:J16-U01,RAS,KERNEL,FATAL,data TLB error interrupt,E55,data TLB error interrupt
127,KERNDTLB,1118543547,2005.06.11,R30-M0-N9-C:J16-U01,2005-06-11-19.32.27.820915,R30-M0-N9-C:J16-U01,RAS,KERNEL,FATAL,data TLB error interrupt,E55,data TLB error interrupt
128,KERNDTLB,1118543583,2005.06.11,R30-M0-N9-C:J16-U01,2005-06-11-19.33.03.793426,R30-M0-N9-C:J16-U01,RAS,KERNEL,FATAL,data TLB error interrupt,E55,data TLB error interrupt
129,KERNDTLB,1118543955,2005.06.11,R30-M0-N9-C:J16-U01,2005-06-11-19.39.15.873091,R30-M0-N9-C:J16-U01,RAS,KERNEL,FATAL,data TLB error interrupt,E55,data TLB error interrupt
130,KERNDTLB,1118544072,2005.06.11,R30-M0-N9-C:J16-U01,2005-06-11-19.41.12.806499,R30-M0-N9-C:J16-U01,RAS,KERNEL,FATAL,data TLB error interrupt,E55,data TLB error interrupt
131,KERNDTLB,1118544523,2005.06.11,R30-M0-N9-C:J16-U01,2005-06-11-19.48.43.752466,R30-M0-N9-C:J16-U01,RAS,KERNEL,FATAL,data TLB error interrupt,E55,data TLB error interrupt
132,KERNDTLB,1118544625,2005.06.11,R30-M0-N9-C:J16-U01,2005-06-11-19.50.25.307011,R30-M0-N9-C:J16-U01,RAS,KERNEL,FATAL,data TLB error interrupt,E55,data TLB error interrupt
133,KERNDTLB,1118544942,2005.06.11,R30-M0-N9-C:J16-U01,2005-06-11-19.55.42.506216,R30-M0-N9-C:J16-U01,RAS,KERNEL,FATAL,data TLB error interrupt,E55,data TLB error interrupt
134,KERNDTLB,1118545027,2005.06.11,R30-M0-N9-C:J16-U01,2005-06-11-19.57.07.898567,R30-M0-N9-C:J16-U01,RAS,KERNEL,FATAL,data TLB error interrupt,E55,data TLB error interrupt
135,KERNDTLB,1118545623,2005.06.11,R30-M0-N9-C:J16-U01,2005-06-11-20.07.03.218292,R30-M0-N9-C:J16-U01,RAS,KERNEL,FATAL,data TLB error interrupt,E55,data TLB error interrupt
136,KERNDTLB,1118545700,2005.06.11,R30-M0-N9-C:J16-U01,2005-06-11-20.08.20.603096,R30-M0-N9-C:J16-U01,RAS,KERNEL,FATAL,data TLB error interrupt,E55,data TLB error interrupt
137,KERNDTLB,1118548457,2005.06.11,R30-M0-N9-C:J16-U01,2005-06-11-20.54.17.510380,R30-M0-N9-C:J16-U01,RAS,KERNEL,FATAL,data TLB error interrupt,E55,data TLB error interrupt
138,KERNDTLB,1118548933,2005.06.11,R30-M0-N9-C:J16-U01,2005-06-11-21.02.13.585407,R30-M0-N9-C:J16-U01,RAS,KERNEL,FATAL,data TLB error interrupt,E55,data TLB error interrupt
139,KERNDTLB,1118549132,2005.06.11,R30-M0-N9-C:J16-U01,2005-06-11-21.05.32.007991,R30-M0-N9-C:J16-U01,RAS,KERNEL,FATAL,data TLB error interrupt,E55,data TLB error interrupt
140,KERNDTLB,1118549466,2005.06.11,R30-M0-N9-C:J16-U01,2005-06-11-21.11.06.535786,R30-M0-N9-C:J16-U01,RAS,KERNEL,FATAL,data TLB error interrupt,E55,data TLB error interrupt
141,KERNDTLB,1118549852,2005.06.11,R30-M0-N9-C:J16-U01,2005-06-11-21.17.32.188993,R30-M0-N9-C:J16-U01,RAS,KERNEL,FATAL,data TLB error interrupt,E55,data TLB error interrupt
142,KERNDTLB,1118549971,2005.06.11,R30-M0-N9-C:J16-U01,2005-06-11-21.19.31.616037,R30-M0-N9-C:J16-U01,RAS,KERNEL,FATAL,data TLB error interrupt,E55,data TLB error interrupt
143,KERNDTLB,1118550514,2005.06.11,R30-M0-N9-C:J16-U01,2005-06-11-21.28.34.864892,R30-M0-N9-C:J16-U01,RAS,KERNEL,FATAL,data TLB error interrupt,E55,data TLB error interrupt
144,KERNDTLB,1118550590,2005.06.11,R30-M0-N9-C:J16-U01,2005-06-11-21.29.50.731558,R30-M0-N9-C:J16-U01,RAS,KERNEL,FATAL,data TLB error interrupt,E55,data TLB error interrupt
145,KERNDTLB,1118550729,2005.06.11,R30-M0-N9-C:J16-U01,2005-06-11-21.32.09.069241,R30-M0-N9-C:J16-U01,RAS,KERNEL,FATAL,data TLB error interrupt,E55,data TLB error interrupt
146,KERNDTLB,1118550833,2005.06.11,R30-M0-N9-C:J16-U01,2005-06-11-21.33.53.535990,R30-M0-N9-C:J16-U01,RAS,KERNEL,FATAL,data TLB error interrupt,E55,data TLB error interrupt
147,KERNDTLB,1118551483,2005.06.11,R30-M0-N9-C:J16-U01,2005-06-11-21.44.43.496547,R30-M0-N9-C:J16-U01,RAS,KERNEL,FATAL,data TLB error interrupt,E55,data TLB error interrupt
148,KERNDTLB,1118552349,2005.06.11,R30-M0-N9-C:J16-U01,2005-06-11-21.59.09.406185,R30-M0-N9-C:J16-U01,RAS,KERNEL,FATAL,data TLB error interrupt,E55,data TLB error interrupt
149,KERNDTLB,1118552553,2005.06.11,R30-M0-N9-C:J16-U01,2005-06-11-22.02.33.858708,R30-M0-N9-C:J16-U01,RAS,KERNEL,FATAL,data TLB error interrupt,E55,data TLB error interrupt
150,KERNDTLB,1118552691,2005.06.11,R30-M0-N9-C:J16-U01,2005-06-11-22.04.51.794882,R30-M0-N9-C:J16-U01,RAS,KERNEL,FATAL,data TLB error interrupt,E55,data TLB error interrupt
151,KERNDTLB,1118552811,2005.06.11,R30-M0-N9-C:J16-U01,2005-06-11-22.06.51.501364,R30-M0-N9-C:J16-U01,RAS,KERNEL,FATAL,data TLB error interrupt,E55,data TLB error interrupt
152,KERNDTLB,1118552875,2005.06.11,R30-M0-N9-C:J16-U01,2005-06-11-22.07.55.838589,R30-M0-N9-C:J16-U01,RAS,KERNEL,FATAL,data TLB error interrupt,E55,data TLB error interrupt
153,KERNDTLB,1118553263,2005.06.11,R30-M0-N9-C:J16-U01,2005-06-11-22.14.23.973994,R30-M0-N9-C:J16-U01,RAS,KERNEL,FATAL,data TLB error interrupt,E55,data TLB error interrupt
154,KERNDTLB,1118553888,2005.06.11,R30-M0-N9-C:J16-U01,2005-06-11-22.24.48.384418,R30-M0-N9-C:J16-U01,RAS,KERNEL,FATAL,data TLB error interrupt,E55,data TLB error interrupt
155,KERNDTLB,1118554196,2005.06.11,R30-M0-N9-C:J16-U01,2005-06-11-22.29.56.837444,R30-M0-N9-C:J16-U01,RAS,KERNEL,FATAL,data TLB error interrupt,E55,data TLB error interrupt
156,KERNDTLB,1118554603,2005.06.11,R30-M0-N9-C:J16-U01,2005-06-11-22.36.43.913043,R30-M0-N9-C:J16-U01,RAS,KERNEL,FATAL,data TLB error interrupt,E55,data TLB error interrupt
157,KERNDTLB,1118554838,2005.06.11,R30-M0-N9-C:J16-U01,2005-06-11-22.40.38.175497,R30-M0-N9-C:J16-U01,RAS,KERNEL,FATAL,data TLB error interrupt,E55,data TLB error interrupt
158,KERNDTLB,1118555213,2005.06.11,R30-M0-N9-C:J16-U01,2005-06-11-22.46.53.485059,R30-M0-N9-C:J16-U01,RAS,KERNEL,FATAL,data TLB error interrupt,E55,data TLB error interrupt
159,KERNDTLB,1118555299,2005.06.11,R30-M0-N9-C:J16-U01,2005-06-11-22.48.19.442753,R30-M0-N9-C:J16-U01,RAS,KERNEL,FATAL,data TLB error interrupt,E55,data TLB error interrupt
160,KERNDTLB,1118555531,2005.06.11,R30-M0-N9-C:J16-U01,2005-06-11-22.52.11.070355,R30-M0-N9-C:J16-U01,RAS,KERNEL,FATAL,data TLB error interrupt,E55,data TLB error interrupt
161,KERNDTLB,1118556754,2005.06.11,R30-M0-N9-C:J16-U01,2005-06-11-23.12.34.701151,R30-M0-N9-C:J16-U01,RAS,KERNEL,FATAL,data TLB error interrupt,E55,data TLB error interrupt
162,KERNDTLB,1118557291,2005.06.11,R30-M0-N9-C:J16-U01,2005-06-11-23.21.31.495365,R30-M0-N9-C:J16-U01,RAS,KERNEL,FATAL,data TLB error interrupt,E55,data TLB error interrupt
163,KERNDTLB,1118557583,2005.06.11,R30-M0-N9-C:J16-U01,2005-06-11-23.26.23.330548,R30-M0-N9-C:J16-U01,RAS,KERNEL,FATAL,data TLB error interrupt,E55,data TLB error interrupt
"164,-,1118686962,2005.06.13,R26-M0-NB-C:J07-U01,2005-06-13-11.22.42.601119,R26-M0-NB-C:J07-U01,RAS,KERNEL,INFO,""CE sym 10, at 0x08d10580, mask 0x08"",E18,""CE sym <*>, at <*>, mask <*>"""
165,-,1118699850,2005.06.13,R22-M0-NC-I:J18-U01,2005-06-13-14.57.30.126106,R22-M0-NC-I:J18-U01,RAS,KERNEL,INFO,ciod: Message code 0 is not 51 or 4294967295,E38,ciod: Message code <*> is not <*> or <*>
166,KERNSTOR,1118709403,2005.06.13,R10-M1-N5-C:J15-U11,2005-06-13-17.36.43.927885,R10-M1-N5-C:J15-U11,RAS,KERNEL,FATAL,data storage interrupt,E52,data storage interrupt
167,KERNSTOR,1118709482,2005.06.13,R16-M0-NB-C:J07-U11,2005-06-13-17.38.02.756042,R16-M0-NB-C:J07-U11,RAS,KERNEL,FATAL,data storage interrupt,E52,data storage interrupt
168,KERNSTOR,1118709549,2005.06.13,R15-M0-N9-C:J05-U11,2005-06-13-17.39.09.591793,R15-M0-N9-C:J05-U11,RAS,KERNEL,FATAL,data storage interrupt,E52,data storage interrupt
169,KERNSTOR,1118709578,2005.06.13,R13-M1-N2-C:J17-U01,2005-06-13-17.39.38.100643,R13-M1-N2-C:J17-U01,RAS,KERNEL,FATAL,data storage interrupt,E52,data storage interrupt
170,KERNSTOR,1118709681,2005.06.13,R01-M1-NA-C:J13-U01,2005-06-13-17.41.21.634261,R01-M1-NA-C:J13-U01,RAS,KERNEL,FATAL,data storage interrupt,E52,data storage interrupt
171,KERNSTOR,1118709681,2005.06.13,R01-M1-NA-C:J09-U01,2005-06-13-17.41.21.662328,R01-M1-NA-C:J09-U01,RAS,KERNEL,FATAL,data storage interrupt,E52,data storage interrupt
172,KERNSTOR,1118709717,2005.06.13,R05-M0-N7-C:J10-U11,2005-06-13-17.41.57.658353,R05-M0-N7-C:J10-U11,RAS,KERNEL,FATAL,data storage interrupt,E52,data storage interrupt
173,KERNSTOR,1118709851,2005.06.13,R02-M0-N0-C:J10-U01,2005-06-13-17.44.11.050768,R02-M0-N0-C:J10-U01,RAS,KERNEL,FATAL,data storage interrupt,E52,data storage interrupt
174,-,1118709955,2005.06.13,R10-M0-N1-C:J17-U11,2005-06-13-17.45.55.674418,R10-M0-N1-C:J17-U11,RAS,KERNEL,FATAL,instruction address: 0x00004ed8,E76,instruction address: <*>
175,-,1118709996,2005.06.13,R12-M1-NB-C:J09-U01,2005-06-13-17.46.36.623273,R12-M1-NB-C:J09-U01,RAS,KERNEL,FATAL,instruction address: 0x00004ed8,E76,instruction address: <*>
176,-,1118710134,2005.06.13,R04-M1-N1-C:J11-U11,2005-06-13-17.48.54.474557,R04-M1-N1-C:J11-U11,RAS,KERNEL,FATAL,instruction address: 0x00004ed8,E76,instruction address: <*>
177,-,1118710233,2005.06.13,R01-M0-NE-C:J17-U11,2005-06-13-17.50.33.240802,R01-M0-NE-C:J17-U11,RAS,KERNEL,FATAL,instruction address: 0x00004ed8,E76,instruction address: <*>
178,-,1118710289,2005.06.13,R16-M0-N8-C:J02-U11,2005-06-13-17.51.29.224900,R16-M0-N8-C:J02-U11,RAS,KERNEL,FATAL,instruction address: 0x00004ed8,E76,instruction address: <*>
179,-,1118710341,2005.06.13,R02-M0-N8-C:J08-U11,2005-06-13-17.52.21.811586,R02-M0-N8-C:J08-U11,RAS,KERNEL,FATAL,instruction address: 0x00004ed8,E76,instruction address: <*>
180,-,1118710403,2005.06.13,R06-M0-N8-C:J13-U11,2005-06-13-17.53.23.965757,R06-M0-N8-C:J13-U11,RAS,KERNEL,FATAL,instruction address: 0x00004ed8,E76,instruction address: <*>
181,-,1118732642,2005.06.14,R33-M0-NF-C:J07-U11,2005-06-14-00.04.02.552133,R33-M0-NF-C:J07-U11,RAS,KERNEL,INFO,generating core.2522,E67,generating core.<*>
182,-,1118758243,2005.06.14,R36-M0-N0-C:J04-U11,2005-06-14-07.10.43.523299,R36-M0-N0-C:J04-U11,RAS,KERNEL,INFO,generating core.1711,E67,generating core.<*>
183,-,1118758269,2005.06.14,R31-M0-NE-C:J15-U11,2005-06-14-07.11.09.281175,R31-M0-NE-C:J15-U11,RAS,KERNEL,INFO,generating core.2332,E67,generating core.<*>
184,-,1118758278,2005.06.14,R37-M1-NF-C:J11-U11,2005-06-14-07.11.18.222056,R37-M1-NF-C:J11-U11,RAS,KERNEL,INFO,generating core.4505,E67,generating core.<*>
185,-,1118758308,2005.06.14,R32-M0-N3-C:J11-U01,2005-06-14-07.11.48.689764,R32-M0-N3-C:J11-U01,RAS,KERNEL,INFO,generating core.1521,E67,generating core.<*>
186,KERNSTOR,1118765205,2005.06.14,R15-M1-NF-C:J11-U11,2005-06-14-09.06.45.752792,R15-M1-NF-C:J11-U11,RAS,KERNEL,FATAL,data storage interrupt,E52,data storage interrupt
187,KERNSTOR,1118765277,2005.06.14,R12-M0-N2-C:J11-U01,2005-06-14-09.07.57.162326,R12-M0-N2-C:J11-U01,RAS,KERNEL,FATAL,data storage interrupt,E52,data storage interrupt
188,KERNSTOR,1118765328,2005.06.14,R14-M0-N2-C:J02-U01,2005-06-14-09.08.48.339582,R14-M0-N2-C:J02-U01,RAS,KERNEL,FATAL,data storage interrupt,E52,data storage interrupt
189,KERNSTOR,1118765360,2005.06.14,R04-M0-ND-C:J15-U01,2005-06-14-09.09.20.459609,R04-M0-ND-C:J15-U01,RAS,KERNEL,FATAL,data storage interrupt,E52,data storage interrupt
190,KERNSTOR,1118765370,2005.06.14,R01-M1-N6-C:J15-U11,2005-06-14-09.09.30.138103,R01-M1-N6-C:J15-U11,RAS,KERNEL,FATAL,data storage interrupt,E52,data storage interrupt
191,KERNSTOR,1118765511,2005.06.14,R06-M0-N7-C:J08-U01,2005-06-14-09.11.51.127157,R06-M0-N7-C:J08-U01,RAS,KERNEL,FATAL,data storage interrupt,E52,data storage interrupt
192,KERNSTOR,1118765631,2005.06.14,R12-M1-NC-C:J13-U11,2005-06-14-09.13.51.017266,R12-M1-NC-C:J13-U11,RAS,KERNEL,FATAL,data storage interrupt,E52,data storage interrupt
193,KERNSTOR,1118765631,2005.06.14,R06-M0-N0-C:J11-U11,2005-06-14-09.13.51.996954,R06-M0-N0-C:J11-U11,RAS,KERNEL,FATAL,data storage interrupt,E52,data storage interrupt
194,-,1118765676,2005.06.14,R16-M1-N2-C:J07-U01,2005-06-14-09.14.36.498843,R16-M1-N2-C:J07-U01,RAS,KERNEL,FATAL,instruction address: 0x00004ed8,E76,instruction address: <*>
195,-,1118765746,2005.06.14,R17-M1-N1-C:J12-U11,2005-06-14-09.15.46.266882,R17-M1-N1-C:J12-U11,RAS,KERNEL,FATAL,instruction address: 0x00004ed8,E76,instruction address: <*>
196,-,1118765795,2005.06.14,R16-M1-N9-C:J16-U11,2005-06-14-09.16.35.364588,R16-M1-N9-C:J16-U11,RAS,KERNEL,FATAL,instruction address: 0x00004ed8,E76,instruction address: <*>
197,-,1118765825,2005.06.14,R13-M0-NA-C:J15-U01,2005-06-14-09.17.05.516605,R13-M0-NA-C:J15-U01,RAS,KERNEL,FATAL,instruction address: 0x00004ed8,E76,instruction address: <*>
198,-,1118765858,2005.06.14,R11-M0-N7-C:J10-U01,2005-06-14-09.17.38.154403,R11-M0-N7-C:J10-U01,RAS,KERNEL,FATAL,instruction address: 0x00004ed8,E76,instruction address: <*>
199,-,1118766090,2005.06.14,R00-M0-N0-C:J13-U11,2005-06-14-09.21.30.885300,R00-M0-N0-C:J13-U11,RAS,KERNEL,FATAL,instruction address: 0x00004ed8,E76,instruction address: <*>
